customer_id,customer_name,region,recency,frequency,monetary,R_score,F_score,M_score,RFM_total,segment,cluster_name
b5bb27e110384ade8e0cd649da3d3f1a,中兴通讯科技集团(8),西南,0,3916,92968642.08,2,5,5,12,重要保持客户,高价值客户群
159612c2331f4307b7b7d9df9d5af4cc,亿纬锂能股份公司(2),西南,0,3851,90979868.23,5,5,5,15,重要价值客户,高价值客户群
a3c36a024df34dc1859c0dfecc9c7377,海尔智能科技有限公司(5),西南,0,3913,90932043.81,3,5,5,13,重要价值客户,高价值客户群
b90204384ada402da1c671d27250b8a5,上汽集团股份公司(3),西南,0,3933,90778506.2,2,5,5,12,重要保持客户,高价值客户群
d4cc12d4b3714ffe9baeb04c9a9f7955,鞍钢集团股份公司(7),西南,0,3857,90682673.45,1,5,5,11,重要保持客户,高价值客户群
4e1efc7ebfce4ef18feb878767c93fb9,华为技术设备公司(4),西南,0,3908,90677824.13,4,5,5,14,重要价值客户,高价值客户群
c14a97126005422a988dce100637bb90,哈电集团设备制造(2),西南,0,3809,90670644.11,2,4,5,11,重要保持客户,高价值客户群
ad0c36fd75184977b1f8efd82f3c558a,上汽集团股份公司(2),西南,0,3852,90600521.62,2,5,5,12,重要保持客户,高价值客户群
3ed56ff05d6544bdb100c2cb8eaa400a,中国船舶集团(1),西南,0,3861,90406310.16,4,5,5,14,重要价值客户,高价值客户群
f5bb6b23cbaa49bea82aad25c2a41ad4,宁德时代新能源科技(8),西南,0,3877,89930492.14,1,5,5,11,重要保持客户,高价值客户群
02a7fa4b20b148728760b073f170c9f9,江铃汽车股份公司(1),西南,0,3858,89884280.09,5,5,5,15,重要价值客户,高价值客户群
746299299cc741da8cce4bfca1cb330d,宇通客车股份公司(6),西南,0,3830,89855412.73,3,5,5,13,重要价值客户,高价值客户群
0af6cecdff144549a33033128cc98f38,东风汽车股份公司(1),西南,0,3889,89844881.53,5,5,5,15,重要价值客户,高价值客户群
a0c3d650d9fa41379e15d770f55cc9e1,柳工机械股份公司(2),西南,0,3846,89821202.86,3,5,5,13,重要价值客户,高价值客户群
6fa053d00219449c90f0d1a1aa51f769,海康威视股份公司(1),西南,0,3931,89783899.95,3,5,5,13,重要价值客户,高价值客户群
9839cdebbf424afc8050b1520008dfca,东风汽车股份公司(5),西南,0,3848,89627308.55,3,5,5,13,重要价值客户,高价值客户群
fb9dae14dad64311bbd5abcd6efc305a,浪潮电子信息股份(5),西南,0,3892,89577843.57,1,5,5,11,重要保持客户,高价值客户群
c273dd3eb96f4b129836e333dfc3620b,大族激光科技集团(9),西南,0,3802,89543528.19,2,4,5,11,重要保持客户,中高价值客户群
eebefc2bd16e4bbc9dbc7c277560546b,中国重汽集团(5),西南,0,3771,89213236.15,1,3,5,9,重要保持客户,中高价值客户群
02d6a4a47d3847ea9ac3282e30db565d,中国通号科技集团(1),西南,0,3893,89203124.19,5,5,5,15,重要价值客户,高价值客户群
09a559bd12a24fb2bcbd836b3c5cce06,宝武钢铁集团股份(1),西南,0,3845,89173887.42,5,5,5,15,重要价值客户,高价值客户群
f1a6621a31b7421aa689478996142466,三一重工设备制造(4),西南,0,3853,89098140.2,1,5,5,11,重要保持客户,高价值客户群
79ab81597dec45b5bd6ffe508d168815,中兴通讯科技集团(5),西南,0,3838,89065065.06,3,5,5,13,重要价值客户,高价值客户群
cdac854c101348c784229b739b2229ae,联想电子科技有限公司(5),西南,0,3881,89022606.3,2,5,5,12,重要保持客户,高价值客户群
ac44c353609e494cb144fc41b9852f77,鞍钢集团股份公司(6),西南,0,3800,88982049.78,2,4,5,11,重要保持客户,中高价值客户群
0579da46d0ab4751aadd97f446faae84,华为技术设备公司(2),西南,0,3831,88977329.66,5,5,5,15,重要价值客户,中高价值客户群
e762e901cec64c2db83721ce8487052b,东风汽车股份公司(7),西南,0,3883,88927241.8,1,5,5,11,重要保持客户,高价值客户群
a77b864eaa3c438b9a9db8a692601bd8,汇川技术股份公司(6),西南,0,3901,88902048.79,3,5,5,13,重要价值客户,高价值客户群
cf272075753d4da2930a72aba7fe29a8,华为技术设备公司(9),西南,0,3805,88866364.04,2,4,5,11,重要保持客户,中高价值客户群
3f0427d1ff6c499a8094ed6c862119e7,哈电集团设备制造(1),西南,0,3783,88864661.53,4,3,5,12,重要价值客户,中高价值客户群
ecb167ca960844f6906d242fac372a26,中国航空工业集团(5),西南,0,3848,88859597.16,1,5,5,11,重要保持客户,高价值客户群
61fcbc8436734e79b96d5c8c03d93ba7,亿纬锂能股份公司(3),西南,0,3830,88854514.45,4,5,5,14,重要价值客户,中高价值客户群
74789ef0881d464ea1e47e86dee9e2ee,中兴通讯科技集团(4),西南,0,3777,88792695.96,3,3,5,11,重要价值客户,中高价值客户群
f3be54a4c25e4c52a581f6391d012868,河钢集团股份公司(3),西南,0,3782,88790833.73,1,3,5,9,重要保持客户,中高价值客户群
8504c4415f3943bd94f46a94ff8a97ff,中国铁建股份公司(1),西南,0,3822,88768603.84,3,4,5,12,重要价值客户,中高价值客户群
6b3641dc1ba847429341adba84dd788a,三一重工设备制造(1),西南,0,3822,88731380.48,4,4,5,13,重要价值客户,中高价值客户群
dd97d395670c4ed5916cca8cbd854bf4,联想电子科技有限公司(6),西南,0,3764,88727883.78,1,2,5,8,重要挽留客户,中高价值客户群
c64ff1bc78d3407296feb88476284e0d,首钢集团制造公司(5),西南,0,3796,88679259.97,2,4,5,11,重要保持客户,中高价值客户群
ab71a62af70e437683442697d2eadb6c,陕汽集团股份(5),西南,0,3801,88667748.35,2,4,5,11,重要保持客户,中高价值客户群
8f1d7d65e6d346328f26ef4d656f8472,金龙客车制造公司(4),西南,0,3716,88652375.64,3,1,5,9,重要发展客户,中价值客户群
5608c04cc844451dab838b0e6345b341,汇川技术股份公司(2),西南,0,3829,88621350.01,4,5,5,14,重要价值客户,中高价值客户群
332ac3a5f99b4a028023411484abf051,传音控股股份公司(2),西南,0,3823,88605450.29,5,4,5,14,重要价值客户,中高价值客户群
b3aafd586cb14a82998bd33c42200485,长虹电器股份公司(3),西南,0,3850,88586900.34,2,5,5,12,重要保持客户,高价值客户群
b2a40a74e4524c2db44119d43fea2c64,OPPO移动通信(4),西南,0,3863,88585485.99,2,5,5,12,重要保持客户,高价值客户群
a4c2eb561da540159054687b50891938,华为技术设备公司(8),西南,0,3881,88511003.14,3,5,5,13,重要价值客户,高价值客户群
e87c2c5dc28142bd8115dd9b6b9f02ae,中国核工业集团(8),西南,0,3820,88483907.13,1,4,5,10,重要保持客户,中高价值客户群
6fcc183c2f6b4b6fbceb54ff3d49ab33,大族激光科技集团(8),西南,0,3813,88465471.3,3,4,5,12,重要价值客户,中高价值客户群
b3a79f8d17da4d1e9593e61713902e4f,小米科技公司(3),西南,0,3783,88451676.22,2,3,5,10,重要保持客户,中高价值客户群
62d66c39df394a8eb7e3f394fe83a07d,海尔智能科技有限公司(2),西南,0,3851,88406798.16,4,5,5,14,重要价值客户,中高价值客户群
6c2a0479c0df4648ac7a0b3872184ba3,大族激光科技集团(7),西南,0,3793,88394370.31,4,3,5,12,重要价值客户,中高价值客户群
4459329415a849f7b564649e8233e9f9,华为技术有限公司(1),西南,0,3849,88384155.04,4,5,5,14,重要价值客户,中高价值客户群
ade42d1833cf432ea8c9d0132f75a844,金龙客车制造公司(5),西南,0,3833,88348437.09,2,5,5,12,重要保持客户,中高价值客户群
02dd82d3a4034e44b3ae29d9bb32c7fb,亿纬锂能股份公司(1),西南,0,3707,88345543.27,5,1,5,11,重要发展客户,中价值客户群
476a8fc6ea094fedbcc617230c089dc8,vivo移动通信(3),西南,0,3800,88311656.91,4,4,5,13,重要价值客户,中高价值客户群
d5193edc8666424eb66361e2b08de388,vivo移动通信(6),西南,0,3822,88304466.93,1,4,5,10,重要保持客户,中高价值客户群
aa4207207e4f4e42b590ba58935e1146,大疆创新科技公司(8),西南,0,3819,88291004.97,2,4,5,11,重要保持客户,中高价值客户群
1d5e9dadf1ae4944992e6271ec066ad7,中联重科股份公司(2),西南,0,3852,88278749.28,5,5,5,15,重要价值客户,中高价值客户群
ab1384de466d4e2686e8db2936972af0,宁德时代新能源科技(3),西南,0,3802,88236108.62,2,4,5,11,重要保持客户,中高价值客户群
d2112dd3822247b2a547a8346b87c517,中国兵器工业集团(8),西南,0,3833,88192539.18,1,5,5,11,重要保持客户,中高价值客户群
4b30749c92f2467ea23b1e4940049e38,美的电器制造集团(3),西南,0,3829,88138634.93,4,5,5,14,重要价值客户,中高价值客户群
d58e98c64a8d43989869fbb5c151c3c4,中国核工业集团(6),西南,0,3806,88137237.19,1,4,4,9,重要保持客户,中高价值客户群
abce4d0e3e044959a80d05c9c6421649,亿纬锂能股份公司(5),西南,0,3805,88130300.41,2,4,4,10,重要保持客户,中高价值客户群
23ce69782dee4cd1924f3a03eb33727f,中联重科股份公司(3),西南,0,3809,88125555.17,5,4,4,13,重要价值客户,中高价值客户群
520a5cd40e8840da86b69e2e0616624b,金龙客车制造公司(2),西南,0,3820,88120210.0,4,4,4,12,重要价值客户,中高价值客户群
ed20ca3392a84bf4bc8ae98f0dfc8173,中兴通讯股份公司(3),西南,0,3783,88118924.38,1,3,4,8,重要保持客户,中高价值客户群
fe696da2b68e44afb791c1373a987c00,浪潮电子信息股份(6),西南,0,3770,88105870.25,1,3,4,8,重要保持客户,中高价值客户群
1ace1b9f68124a3690669c2ca7bc54d9,TCL电子科技股份(2),西南,0,3802,88070704.02,5,4,4,13,重要价值客户,中高价值客户群
f2aceb3fa44e47e6a3b731365ffc0cd0,浪潮电子信息股份(4),西南,0,3808,88063304.55,1,4,4,9,重要保持客户,中高价值客户群
29403b04553b4f36855c1d81bfe04603,传音控股股份公司(1),西南,0,3781,88047394.13,5,3,4,12,重要价值客户,中高价值客户群
c05c51f08c074d058848e68b96c38748,中国船舶集团(6),西南,0,3796,88013832.42,2,4,4,10,重要保持客户,中高价值客户群
7ddec76fec7c4af3944dfac0bba7f947,格力空调设备有限公司(3),西南,0,3804,87950715.12,3,4,4,11,重要价值客户,中高价值客户群
08459a5ecbba45fd851065dcb5ac475e,陕汽集团股份(1),西南,0,3877,87940303.48,5,5,4,14,重要价值客户,高价值客户群
cc6b7b868113419da7f4af5971e473e0,宇通客车股份公司(9),西南,0,3745,87894513.64,2,2,4,8,重要挽留客户,中价值客户群
20e36d27308d4de4b43010faa193e754,上海电气集团股份(1),西南,0,3775,87891110.68,5,3,4,12,重要价值客户,中高价值客户群
61e4e141512a4722bc738267488981e4,大疆创新科技公司(6),西南,0,3766,87879550.95,4,2,4,10,重要发展客户,中高价值客户群
89a5651bce02446481bb5f2b180e0c5a,安徽江淮汽车集团(4),西南,0,3802,87867147.31,3,4,4,11,重要价值客户,中高价值客户群
529fb7d06b4a45199d4dcbd1aac25c61,中国航天科技集团(3),西南,0,3785,87850388.48,4,3,4,11,重要价值客户,中高价值客户群
250bf5d6c16b4b3ca229dad829ccd56c,东风汽车股份公司(2),西南,0,3783,87841477.81,5,3,4,12,重要价值客户,中高价值客户群
4b98c27059d94b3083ce4d93835322b2,vivo移动通信(4),西南,0,3888,87823005.97,4,5,4,13,重要价值客户,高价值客户群
f7536d8f9f8a416097b2bcbe29a22da3,宝武钢铁集团股份(4),西南,0,3685,87814935.03,1,1,4,6,重要挽留客户,中价值客户群
8900b0a7a8a84f92b3e705cbfbe602bf,中国重汽集团(3),西南,0,3813,87808257.71,3,4,4,11,重要价值客户,中高价值客户群
17ce826435d74c1181bee97285174281,中国中车股份(2),西南,0,3826,87757216.93,5,4,4,13,重要价值客户,中高价值客户群
3816a0d7ac76410b8f66af9037c67e17,富士康工业互联公司(1),西南,0,3918,87703034.7,4,5,4,13,重要价值客户,高价值客户群
0d795ba971d84b98a5985b5ca6a2b0a2,OPPO移动通信(1),西南,0,3710,87678836.32,5,1,4,10,重要发展客户,中价值客户群
1425e705390f4fd8be1a3b36742dc9d0,中国兵器工业集团(1),西南,0,3805,87660710.77,5,4,4,13,重要价值客户,中高价值客户群
780f2f98f40b40c8b0c34b9b9fef6984,浪潮电子信息股份(2),西南,0,3863,87575520.87,3,5,4,12,重要价值客户,中高价值客户群
09198b664cc547b5bea694771dd7587d,中国中车股份(1),西南,0,3789,87542540.74,5,3,4,12,重要价值客户,中高价值客户群
2f1debb4d9e94f829a6c74e4e5cac8b1,安徽江淮汽车集团(2),西南,0,3748,87507250.66,5,2,4,11,重要发展客户,中价值客户群
cf7fec573fb9437c8f0428bcaaffb885,大族激光科技集团(10),西南,0,3694,87493510.08,2,1,4,7,重要挽留客户,中价值客户群
03e1cada248f4efd922ecacf8bb373f5,华为技术设备公司(1),西南,0,3747,87484172.54,5,2,4,11,重要发展客户,中价值客户群
b0865d59f0a94847b2be5234313c5a2d,汇川技术股份公司(7),西南,0,3723,87473966.95,2,1,4,7,重要挽留客户,中价值客户群
792582a205b840dcbd0a088688f48cad,汇川技术股份公司(4),西南,0,3794,87410673.87,3,3,4,10,重要价值客户,中高价值客户群
a46987a2b1164174af2df3efb7408387,东风汽车股份公司(6),西南,0,3888,87401917.08,3,5,4,12,重要价值客户,中高价值客户群
8814a3cdf5cf46c5985b69373819fef1,中国航空工业集团(1),西南,0,3805,87388497.27,3,4,4,11,重要价值客户,中高价值客户群
e0dcdd19e35c49c0846e17e72c536940,中国航天科技集团(6),西南,0,3789,87370250.33,1,3,4,8,重要保持客户,中高价值客户群
867e99b6775c4ec58174e7c952041c8a,汇川技术股份公司(5),西南,0,3844,87354299.14,3,5,4,12,重要价值客户,中高价值客户群
30efbdf0708143749cdda082f2c48422,中国兵器工业集团(3),西南,0,3844,87329148.53,5,5,4,14,重要价值客户,中高价值客户群
b9db1c50decd443a83de454d5dd64271,河钢集团股份公司(2),西南,0,3811,87318068.43,2,4,4,10,重要保持客户,中高价值客户群
761e755e0fa64d37ae09be6455b60490,中国兵器工业集团(5),西南,0,3770,87312966.92,3,3,4,10,重要价值客户,中价值客户群
c193d94fd04a4e04a4ad78ba9d7883a3,中国兵器工业集团(7),西南,0,3855,87306965.32,2,5,4,11,重要保持客户,中高价值客户群
6d1e617e8c174b1e939fc3431495a1f2,宇通客车股份公司(5),西南,0,3768,87304960.52,3,3,4,10,重要价值客户,中价值客户群
bf48d7385a9942c1abca4c68357a0965,海尔智能科技有限公司(6),西南,0,3810,87230802.01,2,4,4,10,重要保持客户,中高价值客户群
11f13b5f106b4685a184ff4667036ff2,海信视像科技集团,西南,0,3790,87203267.3,5,3,4,12,重要价值客户,中高价值客户群
e34f75eed4aa4ee1b6a01adbcb839273,上汽集团股份公司(4),西南,0,3790,87194969.91,1,3,4,8,重要保持客户,中高价值客户群
50b858709e834e0aac91a5f647516cab,首钢集团制造公司(2),西南,0,3834,87180259.67,4,5,4,13,重要价值客户,中高价值客户群
21ec5205b1f84dd0815432062fb40941,上海电气集团股份(2),西南,0,3817,87179120.0,5,4,4,13,重要价值客户,中高价值客户群
bec0e04c8dba440781ebcca1e2f96237,中国航空工业集团(2),西南,0,3743,87175026.06,2,2,4,8,重要挽留客户,中价值客户群
8f543f27a76c465494014cd7012ba5d8,宁德时代新能源科技(2),西南,0,3733,87172740.14,3,2,4,9,重要发展客户,中价值客户群
967dc64d34b74c15a7652afae9d03e23,海尔智能科技有限公司(4),西南,0,3714,87125452.86,3,1,4,8,重要发展客户,中价值客户群
3358e755cbaa4e649f9098482062355e,中国兵器工业集团(4),西南,0,3741,87124208.05,5,2,4,11,重要发展客户,中价值客户群
deb718a33b85436fbc6a986637f58276,浪潮电子信息股份(3),西南,0,3808,87123606.05,1,4,4,9,重要保持客户,中高价值客户群
07ca2e492d9c4cb090fe784a2fdc9857,中国通号科技集团(2),西南,0,3762,87121237.8,5,2,4,11,重要发展客户,中价值客户群
4fb6b9ef33e449c09913b55fc9e4bc36,大族激光科技集团(3),西南,0,3793,87112163.83,4,3,4,11,重要价值客户,中高价值客户群
1c951548a27e4f4a86231fc70b2733f0,中国中车股份(3),西南,0,3829,87109483.65,5,5,4,14,重要价值客户,中高价值客户群
dc90faeb6f0242ca8b221dfb4a370b6a,首钢集团制造公司(9),西南,0,3794,87103733.55,1,4,4,9,重要保持客户,中高价值客户群
c39475e8d0dd4f37ac31baa2a4401f1a,富士康工业互联公司(4),西南,0,3830,87099159.75,2,5,4,11,重要保持客户,中高价值客户群
fc49d70ad99e445492f4d385f3b38996,中国兵器工业集团(10),西南,0,3893,87062012.85,1,5,4,10,重要保持客户,中高价值客户群
192c3548e2314829a0f0fc35bbf52d36,首钢集团制造公司(1),西南,0,3746,87016706.89,5,2,4,11,重要发展客户,中价值客户群
091f7a88292b4962add1b60673fd88a1,中联重科股份公司(1),西南,0,3793,86994127.22,5,3,4,12,重要价值客户,中高价值客户群
18ac3981ade840f5bac56d29b64cb044,中国核工业集团(2),西南,0,3798,86970999.34,5,4,4,13,重要价值客户,中高价值客户群
b1e80f16267449d3828119e5da28589a,宇通客车股份公司(8),西南,0,3769,86952947.57,2,3,3,8,重要保持客户,中价值客户群
1e174033e8d247a1ba7e30266b71f34c,宇通客车股份公司(1),西南,0,3831,86939282.82,5,5,3,13,重要价值客户,中高价值客户群
9c108767c2374662ae61a639b319c6d5,传音控股股份公司(3),西南,0,3807,86936710.33,3,4,3,10,重要价值客户,中高价值客户群
6096dbf803e246ea92a3b7ce1e163f98,安徽江淮汽车集团(3),西南,0,3823,86923661.17,4,4,3,11,重要价值客户,中高价值客户群
2a2677bb5cc44390af3b62caae1f257d,中兴通讯科技集团(1),西南,0,3855,86919425.83,5,5,3,13,重要价值客户,中高价值客户群
04aa2b5c20e547e6a2491f996f89d8aa,中国核工业集团(1),西南,0,3741,86891277.99,5,2,3,10,重要发展客户,中价值客户群
49c7400c4866423eab394c462befcf30,中国航天科技集团(2),西南,0,3796,86881644.65,4,4,3,11,重要价值客户,中高价值客户群
59a8532cf71249d191b497f6449847f7,中国电子科技集团(2),西南,0,3828,86874999.0,4,4,3,11,重要价值客户,中高价值客户群
0a78866b313b4d20bf3c096a10cdd6ee,TCL电子科技股份(1),西南,0,3833,86860265.78,5,5,3,13,重要价值客户,中高价值客户群
083feaecbb8941f69c1216abd8e73775,汇川技术股份公司(1),西南,0,3813,86847453.32,5,4,3,12,重要价值客户,中高价值客户群
d71a448152624ca4abd518212d8dcbdd,中国铁建股份公司(4),西南,0,3827,86799666.76,1,4,3,8,重要保持客户,中高价值客户群
567931d205fe49f8822493d6945c06f7,中国核工业集团(3),西南,0,3774,86794525.0,4,3,3,10,重要价值客户,中价值客户群
b705836becd54b359efa2c2195cf7c33,汇川技术股份公司(8),西南,0,3842,86782211.05,2,5,3,10,重要保持客户,中高价值客户群
afdaa8a08cb6412ca9f96ca059a0929e,宁德时代新能源科技(4),西南,0,3725,86774105.74,2,2,3,7,重要挽留客户,中价值客户群
80bccea08e1a456197e0eb1489c0d562,OPPO移动通信(3),西南,0,3819,86752820.68,3,4,3,10,重要价值客户,中高价值客户群
ba5d23a244e14afd85a21feaab38cfc2,中国船舶集团(5),西南,0,3736,86752156.76,2,2,3,7,重要挽留客户,中价值客户群
2b54241f3e124c378f2cbb92c944b6a4,东风汽车股份公司(3),西南,0,3837,86738232.32,5,5,3,13,重要价值客户,中高价值客户群
a6d9e87e2c3e4aa4980dd92237d07738,中兴通讯科技集团(7),西南,0,3852,86730970.23,3,5,3,11,重要价值客户,中高价值客户群
3c732fd31aec418793f9aa6eecf79db1,中兴通讯科技集团(3),西南,0,3720,86697987.38,4,1,3,8,重要发展客户,中价值客户群
475fa187bb654eebb1a02cc3239f9e76,浪潮电子信息股份(1),西南,0,3778,86695334.24,4,3,3,10,重要价值客户,中价值客户群
ac3fa849d1da4243a510d95f0533e5b1,鞍钢集团股份公司(5),西南,0,3780,86632064.09,2,3,3,8,重要保持客户,中价值客户群
fa00e32953654f46a50c703294b9042b,中核科技股份公司(6),西南,0,3767,86630237.25,1,3,3,7,重要保持客户,中价值客户群
84397ebb8a804914a77c321b13433ac3,宇通客车股份公司(7),西南,0,3803,86624835.08,3,4,3,10,重要价值客户,中高价值客户群
4a589904dc5f474b95a63c0a550771a0,中兴通讯股份公司(1),西南,0,3777,86613167.94,4,3,3,10,重要价值客户,中价值客户群
d2fbbbac02a2496ea12e0a9b2cef1677,首钢集团制造公司(6),西南,0,3854,86547970.86,1,5,3,9,重要保持客户,中高价值客户群
a67f4374d5314d55a66480ef0cab6a7b,康佳集团股份公司(2),西南,0,3775,86542006.73,3,3,3,9,重要价值客户,中价值客户群
faad324a84f34b20b1389175557e73df,vivo移动通信(7),西南,0,3782,86474550.82,1,3,3,7,重要保持客户,中价值客户群
c86580dae4ae43f1ae2fe76647bc3e37,徐工机械制造集团(2),西南,0,3761,86471535.21,2,2,3,7,重要挽留客户,中价值客户群
436ab87d116843739122ee99562b860d,大疆创新科技公司(4),西南,0,3874,86442467.73,4,5,3,12,重要价值客户,中高价值客户群
b530a745d60549659659a9213ebeb37a,格力空调设备有限公司(5),西南,0,3772,86419260.09,2,3,3,8,重要保持客户,中价值客户群
0e2e29c0dbf34b9dbb80becc0461d2b9,河钢集团股份公司(1),西南,0,3777,86416154.17,5,3,3,11,重要价值客户,中价值客户群
6e99f2d0d94a442a88156741bd8a14ff,华为技术设备公司(6),西南,0,3753,86366317.43,3,2,3,8,重要发展客户,中价值客户群
4528b53533ae48d2b87add8d16fe55a0,中国重汽集团(1),西南,0,3733,86360215.41,4,2,3,9,重要发展客户,中价值客户群
d6466306b1e4489c964fb52c150d306f,哈电集团设备制造(4),西南,0,3786,86357787.25,1,3,3,7,重要保持客户,中价值客户群
67cf16b0336644e384c95b798d4d2a89,陕汽集团股份(4),西南,0,3781,86329414.6,4,3,3,10,重要价值客户,中价值客户群
d1e314f09c894f86b572fb4d043f3924,中国电子科技集团(3),西南,0,3806,86328360.22,1,4,3,8,重要保持客户,中价值客户群
aa13297acb17427182b658df344deef5,中国核工业集团(4),西南,0,3783,86282061.8,2,3,3,8,重要保持客户,中价值客户群
d31e0525e2504cc8addefa2c4381452a,中国航空工业集团(4),西南,0,3743,86260031.89,1,2,3,6,重要挽留客户,中价值客户群
90263f8847db417b9b6f3288dc120d71,中国航天科技集团(5),西南,0,3803,86254237.78,3,4,3,10,重要价值客户,中价值客户群
b95fe9f85ce84d8f9836cfb7ebdc54f1,亿纬锂能股份公司(6),西南,0,3754,86246087.74,2,2,3,7,重要挽留客户,中价值客户群
cb6f547bd12141f7ba741e7e512af6ec,哈电集团设备制造(3),西南,0,3733,86245843.97,2,2,3,7,重要挽留客户,中价值客户群
58b047047d214c7ba9ef76090e6e9107,中国电子科技集团(1),西南,0,3762,86242506.19,4,2,3,9,重要发展客户,中价值客户群
9ce3dea5d5d04e90b731aeb33a265cc5,东方电气股份公司(2),西南,0,3798,86234869.06,3,4,3,10,重要价值客户,中价值客户群
822d2c20221a44e3be1c6ef71cfbb451,亿纬锂能股份公司(4),西南,0,3735,86230703.79,3,2,3,8,重要发展客户,中价值客户群
b24fad23a70a4159a1b69b59d6e806d9,中核科技股份公司(3),西南,0,3790,86226625.24,2,3,3,8,重要保持客户,中价值客户群
adea51bb39094ffeaaa9fb797f087867,比亚迪电子股份(3),西南,0,3758,86220075.1,2,2,3,7,重要挽留客户,中价值客户群
ae804c51e417478295280131d8bc84c1,东方电气股份公司(3),西南,0,3674,86216804.72,2,1,3,6,重要挽留客户,中低价值客户群
3c67ee01d9844e05bfc65fcf8d04af29,美的电器制造集团(2),西南,0,3798,86207219.17,4,4,3,11,重要价值客户,中价值客户群
891eef044d744474aa8abc25bae77e2f,长虹电器股份公司(1),西南,0,3773,86200592.29,3,3,3,9,重要价值客户,中价值客户群
c36edb01420f4789917c0928164ed5d5,中联重科股份公司(6),西南,0,3689,86193568.38,2,1,3,6,重要挽留客户,中低价值客户群
b52cc6c425b74a6f99b269a32dab3479,宁德时代新能源科技(5),西南,0,3812,86168200.9,2,4,3,9,重要保持客户,中价值客户群
0bb07d2757d34fc999a51a6ef6ca1e70,小米科技公司(1),西南,0,3749,86165712.43,5,2,3,10,重要发展客户,中价值客户群
bdfcde0469db4aafab45ce0ff49a9393,徐工机械制造集团(1),西南,0,3784,86145787.48,2,3,3,8,重要保持客户,中价值客户群
851b4bfcc929410faf1ebd05e42d6256,大疆创新科技公司(7),西南,0,3733,86112085.51,3,2,3,8,重要发展客户,中价值客户群
13de30af308b4b8699d6b3d503317508,鞍钢集团股份公司(1),西南,0,3848,86102592.15,5,5,3,13,重要价值客户,中高价值客户群
2ca82e5205404197ab5b4a4ebdc98905,TCL电子科技股份(3),西南,0,3782,86099570.22,5,3,3,11,重要价值客户,中价值客户群
bb989ce905ac48f1b3634c438527a2b2,中国重汽集团(4),西南,0,3744,86088563.18,2,2,3,7,重要挽留客户,中价值客户群
e59221ed322b45eaa124b16b5e1655e0,中国通号科技集团(6),西南,0,3742,86080903.54,1,2,3,6,重要挽留客户,中价值客户群
bad814610b404d498384aae9cc27d76a,中国通号科技集团(5),西南,0,3762,86059997.87,2,2,3,7,重要挽留客户,中价值客户群
479b1d6f2c4e4ac29abd99995a21fb60,陕汽集团股份(3),西南,0,3770,86055520.53,4,3,3,10,重要价值客户,中价值客户群
4fb48d0c38a141809414dc8691c9a0c8,小米科技公司(2),西南,0,3819,86019608.75,4,4,2,10,一般价值客户,中价值客户群
b1252b8754d4420a8d41b587d1317349,中国船舶集团(4),西南,0,3672,86015449.28,2,1,2,5,一般挽留客户,中低价值客户群
6a022d7528d84eeba7281428eff097dd,比亚迪电子股份(2),西南,0,3793,86013937.74,4,3,2,9,一般价值客户,中价值客户群
243e74e1a56344b3b999db66251cbb51,联想电子科技有限公司(1),西南,0,3744,86013642.63,5,2,2,9,一般发展客户,中价值客户群
769416eb4598430a97e62b1e5e746cb3,金龙客车制造公司(3),西南,0,3845,85989470.38,3,5,2,10,一般价值客户,中高价值客户群
795d39ffc0e2472e9eabf2c29fc16d76,中国兵器工业集团(6),西南,0,3769,85984844.96,3,3,2,8,一般价值客户,中价值客户群
180ba2e0e64f429aa8a65e98a3d6d992,vivo移动通信(1),西南,0,3811,85984762.47,5,4,2,11,一般价值客户,中价值客户群
2d9794e00d0243cfbf448922f17edf78,中核科技股份公司(1),西南,0,3747,85976908.26,5,2,2,9,一般发展客户,中价值客户群
b3a090508b864d738d4fb80a937f73a5,TCL电子科技股份(5),西南,0,3761,85964896.47,2,2,2,6,一般挽留客户,中价值客户群
e7a7a4a4d5f84da2b23facfa7d35b6eb,柳工机械股份公司(4),西南,0,3766,85963388.06,1,2,2,5,一般挽留客户,中价值客户群
4889faf1d90548b8beee51ca685f9a7d,宇通客车股份公司(3),西南,0,3712,85942410.19,4,1,2,7,一般发展客户,中价值客户群
282118bc120f4fa5aaec8aeed1d08ddc,联想电子科技有限公司(2),西南,0,3727,85927413.86,5,2,2,9,一般发展客户,中价值客户群
d880d9d8d48a4cc88d889bbbeb3c0b6a,OPPO移动通信(5),西南,0,3719,85924719.92,1,1,2,4,一般挽留客户,中价值客户群
0d7bee49dfc34b61a09efc438ba8998a,海尔智能科技有限公司(1),西南,0,3720,85920493.98,5,1,2,8,一般发展客户,中价值客户群
a4090a50a0824d0d952faf46b92cf716,康佳集团股份公司(1),西南,0,3747,85920430.51,3,2,2,7,一般发展客户,中价值客户群
ece754f2c7c74bbca6a470568e55d30e,东方电气股份公司(5),西南,0,3770,85915339.27,1,3,2,6,一般保持客户,中价值客户群
a732ce76bb6c49c2a876c5acb2f8f29f,长虹电器股份公司(2),西南,0,3768,85898203.37,3,3,2,8,一般价值客户,中价值客户群
b1a3508e00f54ee6913a25898fc95c13,东方电气股份公司(4),西南,0,3761,85886093.91,2,2,2,6,一般挽留客户,中价值客户群
71ddf6bca04b455482d0b87b97d06558,宝武钢铁集团股份(3),西南,0,3810,85854191.99,3,4,2,9,一般价值客户,中价值客户群
cbc1211ea34a4969b1a3a753e9fbf316,中国铁建股份公司(3),西南,0,3797,85844627.46,2,4,2,8,一般保持客户,中价值客户群
fca77f7babad4f72af69d345f12292b5,创维数字技术公司(2),西南,0,3804,85827379.87,1,4,2,7,一般保持客户,中价值客户群
99020e03eabb472ebb786ded5ac2e5c3,华为技术设备公司(7),西南,0,3782,85827140.83,3,3,2,8,一般价值客户,中价值客户群
49ec3ae570d947afa8df0919126af760,宝武钢铁集团股份(2),西南,0,3793,85797537.18,4,3,2,9,一般价值客户,中价值客户群
343ce6198c6b4f97873e1b7a2e1347b4,中国中车股份(4),西南,0,3700,85728440.63,5,1,2,8,一般发展客户,中低价值客户群
3e5eaeb4b6af462ea5638c3bbbbb11d5,格力空调设备有限公司(2),西南,0,3745,85714596.17,4,2,2,8,一般发展客户,中价值客户群
079d8dc82adb42178a8d9ac79ca664f1,大疆创新科技公司(1),西南,0,3776,85640198.38,5,3,2,10,一般价值客户,中价值客户群
77135639917043cfa22d89524f772745,中国中车股份(5),西南,0,3818,85608700.12,3,4,2,9,一般价值客户,中价值客户群
376479dde4bb4db387c5ce6e234f3e8b,宇通客车股份公司(2),西南,0,3737,85603905.88,4,2,2,8,一般发展客户,中价值客户群
dca05ccf92284682a6cf957d3a307b2a,中核科技股份公司(5),西南,0,3797,85601243.19,1,4,2,7,一般保持客户,中价值客户群
924d297a845c42a49ddfc620d0801bb0,中国船舶集团(3),西南,0,3770,85554463.16,3,3,2,8,一般价值客户,中价值客户群
9043eb787d3c4d3b9047ed76524386b7,海康威视股份公司(2),西南,0,3704,85531799.45,3,1,2,6,一般发展客户,中低价值客户群
801657efde4a40fd9e7d4a93b3b33446,中国船舶集团(2),西南,0,3691,85504972.24,3,1,2,6,一般发展客户,中低价值客户群
674ad3b4b0f148a99e9ff8a8db96962f,海尔智能科技有限公司(3),西南,0,3793,85489950.34,4,3,2,9,一般价值客户,中价值客户群
33702e539b704935a5fa5b60110512d1,江铃汽车股份公司(2),西南,0,3739,85484841.88,5,2,2,9,一般发展客户,中价值客户群
adbf6f3436cc4a349671eda797b71de4,格力空调设备有限公司(4),西南,0,3698,85478162.07,2,1,2,5,一般挽留客户,中低价值客户群
c5a401549de54008b3303f509f91b358,vivo移动通信(5),西南,0,3683,85475436.21,2,1,2,5,一般挽留客户,中低价值客户群
ee4cc4c2befd4ab5b519644974cafe2f,宁德时代新能源科技(7),西南,0,3812,85471990.37,1,4,2,7,一般保持客户,中价值客户群
87a4d7506d6c4061bb9402227a64b6fe,柳工机械股份公司(1),西南,0,3788,85460788.19,3,3,2,8,一般价值客户,中价值客户群
9ba8231f266a41a2b9ca7bb572c11129,富士康工业互联公司(3),西南,0,3806,85456634.86,3,4,2,9,一般价值客户,中价值客户群
3893dfe263c34457bb312597de07e18b,美的电器制造集团(1),西南,0,3767,85455967.2,4,3,2,9,一般价值客户,中价值客户群
57eb979536fe47dcb7c339413370c20f,中国重汽集团(2),西南,0,3749,85445095.42,4,2,2,8,一般发展客户,中价值客户群
eaee52c8760b4dd89529763ed5befb71,康佳集团股份公司(3),西南,0,3869,85378288.2,1,5,2,8,一般保持客户,中高价值客户群
d34ff5d8094a40a5994f481a372eeb25,首钢集团制造公司(7),西南,0,3778,85366233.26,1,3,2,6,一般保持客户,中价值客户群
f0aa240397134159bf13c587313f9fb1,小米科技公司(5),西南,0,3726,85362282.57,1,2,2,5,一般挽留客户,中价值客户群
93c314373a9e4333aa17a1255e7d36ff,富士康工业互联公司(2),西南,0,3786,85360815.41,3,3,2,8,一般价值客户,中价值客户群
c3be0fbbaa41461088fd051db4f567a0,小米科技公司(4),西南,0,3803,85358777.14,2,4,2,8,一般保持客户,中价值客户群
f67d76a608b54c4e9032c7f2d847962a,中国核工业集团(9),西南,0,3750,85323854.55,1,2,2,5,一般挽留客户,中价值客户群
6195d37391a84ecb8ad15db8a56d7929,联想电子科技有限公司(4),西南,0,3709,85311889.55,4,1,2,7,一般发展客户,中低价值客户群
99c9d4c7e50140aa9de78d595ade1c14,中国铁建股份公司(2),西南,0,3712,85306742.2,3,1,2,6,一般发展客户,中低价值客户群
9d24338c2bad4954bfa6627cf47e6414,TCL电子科技股份(4),西南,0,3711,85263421.0,3,1,2,6,一般发展客户,中低价值客户群
e0bcd33581dd45a29f1b475d1180e822,柳工机械股份公司(3),西南,0,3733,85259696.38,1,2,2,5,一般挽留客户,中价值客户群
9a3e803adce7470f864447294a3f424d,中国中车股份(6),西南,0,3766,85241205.88,3,2,2,7,一般发展客户,中价值客户群
cd4861b906b046638ff5d02fee6ede2c,中兴通讯科技集团(9),西南,0,3718,85219837.28,2,1,2,5,一般挽留客户,中低价值客户群
5c0b8934cf4d46e88c62fd3696ea7584,联想电子科技有限公司(3),西南,0,3647,85208017.84,4,1,2,7,一般发展客户,中低价值客户群
08689e98e98c4e9fa4240ae427ec53a2,大疆创新科技公司(2),西南,0,3743,85189338.24,5,2,2,9,一般发展客户,中价值客户群
03ff3c89e99943a1a71943e74e7c8478,安徽江淮汽车集团(1),西南,0,3748,85184002.37,5,2,2,9,一般发展客户,中价值客户群
4e45ecce217049dcaac182b2ed8a935e,宇通客车股份公司(4),西南,0,3809,85158120.3,4,4,2,10,一般价值客户,中价值客户群
14695dc2bce54548a8adf2d3db66c8a3,金龙客车制造公司(1),西南,0,3765,85116444.2,5,2,2,9,一般发展客户,中价值客户群
dafda8cf3fc3442bbc01bffa6535421e,首钢集团制造公司(8),西南,0,3680,85084579.11,1,1,2,4,一般挽留客户,中低价值客户群
5ffd7c5b10ee4e0caaf754fcce068cdc,大族激光科技集团(5),西南,0,3835,85053589.44,4,5,2,11,一般价值客户,中价值客户群
b2b62e98400e4bbc9841a93c916f2b65,首钢集团制造公司(4),西南,0,3741,84964773.05,2,2,1,5,一般挽留客户,中价值客户群
b7446b4a2ec44b46927a2cde178834b8,格力空调设备有限公司(6),西南,0,3783,84964750.23,2,3,1,6,一般保持客户,中价值客户群
0ed0c07315c245f0bbcc49564454d1a0,华为技术设备公司(3),西南,0,3767,84952868.26,5,2,1,8,一般发展客户,中价值客户群
2bb09992c1d94012ad231c908f8cdd4d,中国兵器工业集团(2),西南,0,3728,84938053.76,5,2,1,8,一般发展客户,中低价值客户群
64727ade82d143ab9d4d00fd8514d9f8,中联重科股份公司(4),西南,0,3810,84813873.19,4,4,1,9,一般价值客户,中价值客户群
69d7c8a5d3aa47ecbc592c9bedb2d6d9,创维数字技术公司(1),西南,0,3784,84785225.97,4,3,1,8,一般价值客户,中价值客户群
8a1dd0d672a743738dfef969849630bf,首钢集团制造公司(3),西南,0,3718,84774579.22,3,1,1,5,一般发展客户,中低价值客户群
a5acfffa0d3b48138aac7ac3784a5de6,中兴通讯股份公司(2),西南,0,3689,84756339.56,3,1,1,5,一般发展客户,中低价值客户群
eb33966d8a424a558cb6b58bbadafd24,安徽江淮汽车集团(5),西南,0,3751,84734115.45,1,2,1,4,一般挽留客户,中价值客户群
8d1986a942b544f7ab2321fea0126141,江铃汽车股份公司(3),西南,0,3607,84722397.64,3,1,1,5,一般发展客户,中低价值客户群
6c3084eb67604be39bbad9410f62fe98,宁德时代新能源科技(1),西南,0,3740,84709575.92,4,2,1,7,一般发展客户,中低价值客户群
f457016d08fd4d79b6fd68a6b67cee7b,中国兵器工业集团(9),西南,0,3772,84702433.3,1,3,1,5,一般保持客户,中价值客户群
4f23e33841a84e5a8629bfe4f63edd40,中国通号科技集团(3),西南,0,3782,84627106.65,4,3,1,8,一般价值客户,中价值客户群
5362f28231af439f9ca14670b056e744,中国通号科技集团(4),西南,0,3780,84619337.58,4,3,1,8,一般价值客户,中价值客户群
4755c452431e4e2280280f80e62be9b3,vivo移动通信(2),西南,0,3672,84604001.82,4,1,1,6,一般发展客户,中低价值客户群
ea81a94a34b14ba99156e8c7a756f4f5,宁德时代新能源科技(6),西南,0,3661,84597142.06,1,1,1,3,一般挽留客户,中低价值客户群
dbbf74afb9744686b67513c9562d6f21,中车时代电气股份,西南,0,3736,84585184.39,1,2,1,4,一般挽留客户,中低价值客户群
e7a74781a6514ca090170b472a98091f,三一重工设备制造(3),西南,0,3709,84582666.82,1,1,1,3,一般挽留客户,中低价值客户群
e17e3b3dcacf49eb8108fe760b099d24,中国核工业集团(7),西南,0,3721,84507097.24,1,1,1,3,一般挽留客户,中低价值客户群
bdc7b42a4f00405894d64932d0aaefa0,格力空调设备有限公司(7),西南,0,3782,84500057.56,2,3,1,6,一般保持客户,中价值客户群
76e6b73ae70341198717aaedb516ec1b,鞍钢集团股份公司(2),西南,0,3715,84491598.41,3,1,1,5,一般发展客户,中低价值客户群
cc88759fa58d4bf8a60415b16e8ea589,中国航空工业集团(3),西南,0,3699,84393168.29,2,1,1,4,一般挽留客户,中低价值客户群
d92a73c3b9fb41d0a90410a9f1559ced,中兴通讯科技集团(10),西南,0,3707,84303352.15,1,1,1,3,一般挽留客户,中低价值客户群
e7b1c535ff0b4eea915d2ba3d914a09b,陕汽集团股份(6),西南,0,3720,84267027.24,1,1,1,3,一般挽留客户,中低价值客户群
f2feb886edea44b793291d5b26f139cd,中国电子科技集团(4),西南,0,3753,84260729.89,1,2,1,4,一般挽留客户,中低价值客户群
cf0377bae2c34a13849ba10eb618b61f,大疆创新科技公司(9),西南,0,3720,84248321.42,2,1,1,4,一般挽留客户,中低价值客户群
184b13ef27f6491d91a2d054565e4620,上汽集团股份公司(1),西南,0,3823,84194026.48,5,4,1,10,一般价值客户,中价值客户群
dcbb21f354b94597bf9895d057af1e1c,海康威视股份公司(3),西南,0,3754,84187170.69,1,2,1,4,一般挽留客户,中低价值客户群
5f3fd975f51d495ba0e166f74a61e60d,大疆创新科技公司(5),西南,0,3782,84148494.17,4,3,1,8,一般价值客户,中价值客户群
7e58c0d6be0c44a2a153b24d03e98923,三一重工设备制造(2),西南,0,3695,84071303.72,3,1,1,5,一般发展客户,中低价值客户群
3ecaad352e4b468292112c2117c717eb,大疆创新科技公司(3),西南,0,3739,84019071.52,4,2,1,7,一般发展客户,中低价值客户群
2b4c562ffdd74192a45bd34e33c1bbb4,陕汽集团股份(2),西南,0,3766,83921892.95,5,2,1,8,一般发展客户,中低价值客户群
539b162dc8064887b7c86f5203ea4ba9,东风汽车股份公司(4),西南,0,3682,83920398.2,4,1,1,6,一般发展客户,中低价值客户群
64590358180f466e84469c3f323599da,大族激光科技集团(6),西南,0,3762,83902903.97,4,2,1,7,一般发展客户,中低价值客户群
2293c899e10b42029435e558de0a6419,比亚迪电子股份(1),西南,0,3694,83879194.18,5,1,1,7,一般发展客户,中低价值客户群
fcad687adca2474e93652c0c37fe1024,中国航天科技集团(8),西南,0,3666,83874863.36,1,1,1,3,一般挽留客户,中低价值客户群
32c49a4666034f898d8b215980b6a555,大族激光科技集团(2),西南,0,3757,83874853.94,5,2,1,8,一般发展客户,中低价值客户群
f2d12fbbedb74a28bfabca0678cd1e47,中国航天科技集团(7),西南,0,3678,83828782.09,1,1,1,3,一般挽留客户,中低价值客户群
ec9279342f8741488bcb162e5afe6750,中国中车股份(7),西南,0,3605,83826882.79,1,1,1,3,一般挽留客户,中低价值客户群
80dadb299f9b4af5b594d860fc41be3f,鞍钢集团股份公司(3),西南,0,3628,83825592.73,3,1,1,5,一般发展客户,中低价值客户群
e69a8fc1a914498e99e3bef81eaae154,OPPO移动通信(6),西南,0,3657,83749404.52,1,1,1,3,一般挽留客户,中低价值客户群
68bf93ff79e04bb0a1f27d4dacc9153b,华为技术设备公司(5),西南,0,3748,83745267.37,4,2,1,7,一般发展客户,中低价值客户群
3332ee5a387240818699f073517ba261,中国航天科技集团(1),西南,0,3710,83743484.22,5,1,1,7,一般发展客户,中低价值客户群
a133deaaa96245d1a160f88b7c8a74f7,中兴通讯科技集团(6),西南,0,3706,83743071.64,3,1,1,5,一般发展客户,中低价值客户群
bd392385530f4d0fa6df36655bc67c6e,中联重科股份公司(5),西南,0,3678,83721310.61,2,1,1,4,一般挽留客户,中低价值客户群
d0b82330a5494a8696fd03383b1d4dbf,中核科技股份公司(4),西南,0,3742,83673502.31,1,2,1,4,一般挽留客户,中低价值客户群
412d36fa54634251b223f8effd528b03,OPPO移动通信(2),西南,0,3595,83671343.71,4,1,1,6,一般发展客户,中低价值客户群
6108252b71054677b98d25242bde2785,中国航天科技集团(4),西南,0,3613,83629644.97,4,1,1,6,一般发展客户,中低价值客户群
b08af90086554914a84fbec3a34fddad,中国核工业集团(5),西南,0,3681,83553170.67,2,1,1,4,一般挽留客户,中低价值客户群
17b629903cc7428b934181f210a6009d,格力空调设备有限公司(1),西南,0,3680,83516691.26,5,1,1,7,一般发展客户,中低价值客户群
f37365c849e243079d67f21e0d4ff475,小米科技公司(6),西南,0,3724,83510035.89,1,1,1,3,一般挽留客户,中低价值客户群
8ec8c3c3d44a443995e6484236cac866,鞍钢集团股份公司(4),西南,0,3695,83358605.68,3,1,1,5,一般发展客户,中低价值客户群
648c3a0b85214b9a81bd341f37afeea0,汇川技术股份公司(3),西南,0,3730,83283622.61,4,2,1,7,一般发展客户,中低价值客户群
a7c13d1d2d5e4fee9e3f94f11a88ed7f,中核科技股份公司(2),西南,0,3635,83112699.08,2,1,1,4,一般挽留客户,中低价值客户群
5c0c92a354e04f858ebb508067d0d16f,大族激光科技集团(4),西南,0,3642,82949793.82,4,1,1,6,一般发展客户,中低价值客户群
10e691eb2df94ba6876be16c0272273d,大族激光科技集团(1),西南,0,3771,82837345.04,5,3,1,9,一般价值客户,中低价值客户群
f5209df537a64f21a979dea7e37b9554,华为技术有限公司(2),西南,0,3669,82706142.67,1,1,1,3,一般挽留客户,中低价值客户群
f026ad73a9d343f4897987dad36f95d6,长虹电器股份公司(4),西南,0,3646,82509440.01,1,1,1,3,一般挽留客户,中低价值客户群
90a325250cc34adba9fac1206a6f8794,东方电气股份公司(1),西南,0,3657,81286771.9,3,1,1,5,一般发展客户,中低价值客户群
36aa42271c224f7aa64730b3540cf467,中兴通讯科技集团(2),西南,0,3658,80909492.69,4,1,1,6,一般发展客户,中低价值客户群
